PG.ProteinGroups,Ratio_log2
Q96AC1,6.3813752772997
Q15061,13.395038050828
P51452,4.10853398838832