PG.ProteinGroups,Ratio_log2
Q9NQ69,12.1948480651278
O00170,6.32836403424519
O60287,3.92827302995463
Q9HCP0,22.9824942158675
Q5RI15,11.4071092064151
Q8IXM3,16.0580128796647
Q92570,5.73087081375456
O95502,18.518902842168
O95551,2.25333302004344
P52434,12.2787792390736
Q6DKI1,9.50850046980562
Q13310,3.05745925757309
Q99733,2.35315995482974
O43301,2.7834167336286